PRODUCT,HOME PAGE,PRODUCT CATEGORY,PRODUCT DESCRIPTION,AFFILIATED GITHUB REPOSITORIES
3DMIN's PushPull,http://www.3dmin.org/research/open-development-and-design/pushpull/,Musical Instruments and Games and Toys and Arts and Crafts and Educational Equipment and Materials and Accessories and Supplies,musical instrument,3DMIN/pushpull-kicad
3D-printable micropipette,http://biorxiv.org/content/early/2017/02/20/109231,Laboratory and Measuring and Observing and Testing Equipment,Micropipette,Biological-Microsystems-Laboratory/micropipette
3d-printed-oxygen-control-insert,https://github.com/Biological-Microsystems-Laboratory/3d-printed-oxygen-control-insert,Laboratory and Measuring and Observing and Testing Equipment,microfluidic device,Biological-Microsystems-Laboratory/3d-printed-oxygen-control-insert
Aeroquad,http://aeroquad.com/content.php,Musical Instruments and Games and Toys and Arts and Crafts and Educational Equipment and Materials and Accessories and Supplies,quadcopter,AeroQuad/FlightControlBoards
AeroSeeD micro-eolienne,https://github.com/aeroseed/urbolienne,Power Generation and Distribution Machinery and Accessories,wind turbine,aeroseed/urbolienne
AFRo,http://www.remap.org.uk/,Medical Equipment and Accessories and Supplies,Assisted Feeding Robot,Axford/AFRo;Axford/AFRo2
AguaClara,http://www.aguaclarallc.com/,Cleaning Equipment and Supplies,water treatment plant,
Ai.Frame Apollo,http://aiframe.me/product/107?language=en,Musical Instruments and Games and Toys and Arts and Crafts and Educational Equipment and Materials and Accessories and Supplies,humanoid robot,
Air Quality Egg,http://airqualityegg.com/,Laboratory and Measuring and Observing and Testing Equipment,air measuring device,
Aker wormhouse,https://www.akerkits.com/,Farming and Fishing and Forestry and Wildlife Machinery and Accessories,wormhouse kit for urban gardening,AKERKits/GrowSquare;AKERKits/Husky-Planter-Large;AKERKits/Husky-Planter-Medium;AKERKits/Husky-Planter-Small;AKERKits/WormHaus;AKERKits/GroWall;AKERKits/GrowGrid;AKERKits/EggHaus;AKERKits/V-Planter-Small;AKERKits/V-Planter-Medium;AKERKits/V-Planter-Large;AKERKits/Boxy-Planter-Large;AKERKits/Boxy-Planter-Medium;AKERKits/Boxy-Planter-Small;AKERKits/Slender-Planter;AKERKits/SideSquare;AKERKits/Hexagon-Planter;AKERKits/CornerSquare
Andre cars,http://www.pureengineering.com/blog/andrecars,Commercial and Military and Private Vehicles and their Accessories and Components,car,
Apertus Axiom Alpha,https://lab.apertus.org/,Printing and Photographic and Audio and Visual Equipment and Supplies,camera,apertus-open-source-cinema/alpha-hardware
Apertus Axiom Beta,https://www.apertus.org/axiom,Printing and Photographic and Audio and Visual Equipment and Supplies,camera,apertus-open-source-cinema/beta-hardware
Aquapioneers Indoor Aquaponics Kit,http://aquapioneers.io/open-source-indoor-aquaponics-kit/,Farming and Fishing and Forestry and Wildlife Machinery and Accessories,aquaponic systems,aquapioneers/monitoring-kit-hardware;aquapioneers/Aquapioneers-Kit-Barcelona-Design
Arbalet,https://github.com/arbalet-project/arbadoc/wiki,Furniture and Furnishings,LED table,arbalet-project/arbadoc
ArcBotics Humanoid,https://github.com/ArcBotics/Humanoid,Musical Instruments and Games and Toys and Arts and Crafts and Educational Equipment and Materials and Accessories and Supplies,educational robot,ArcBotics/Humanoid
ArcBotics Sparky,http://arcbotics.com/products/sparki/,Musical Instruments and Games and Toys and Arts and Crafts and Educational Equipment and Materials and Accessories and Supplies,educational robot,ArcBotics/Sparki
Archivist,http://diybookscanner.org/archivist/index.html,Office Equipment and Accessories and Supplies,book scanner,
ArduCopter,http://ardupilot.org/copter/,Musical Instruments and Games and Toys and Arts and Crafts and Educational Equipment and Materials and Accessories and Supplies,quadcopter,
Automated external defibrillator,https://github.com/CentroEPiaggio/Open-Automated-External-Defibrillator,Medical Equipment and Accessories and Supplies,Automated external defibrillator,CentroEPiaggio/Open-Automated-External-Defibrillator
Automatic Bartender,http://www.open-electronics.org/the-drink-maker-open-sourcing-your-cocktail/,Domestic Appliances and Supplies and Consumer Electronic Products,drink making robot,
axCut,http://axrap.blogspot.de/,Industrial Manufacturing and Processing Machinery and Accessories,laser cutter,Axford/axCut
Basiswerk OM 10 clockwork,http://www.openmovement.org/,Domestic Appliances and Supplies and Consumer Electronic Products,clockwork,
BCN3D Moveo,https://www.bcn3dtechnologies.com/en/bcn3d-moveo-the-future-of-learning/,Industrial Manufacturing and Processing Machinery and Accessories,robot arm,BCN3D/BCN3D-Moveo
BCN3D Sigma,https://www.bcn3dtechnologies.com/en/sigma-getting-started/,Industrial Manufacturing and Processing Machinery and Accessories,3D printer,BCN3D/BCN3DSigma-Mechanics;BCN3D/BCN3DSigma-Process;BCN3D/BCN3DSigma-Electronics;BCN3D/Hotend-Test-Bench;BCN3D/Stepper-Driver-testbench
Bicitractor,http://www.instructables.com/id/BICITRACTOR-B300-POC21-Version/,Farming and Fishing and Forestry and Wildlife Machinery and Accessories,pedal-powered tractor,
Bicycle mill,http://www.mayapedal.org/machines.en,Industrial Manufacturing and Processing Machinery and Accessories,pedal-powered milling machine,
BioNico,https://www.wevolver.com/wevolver.staff/bionico/main/description/,Medical Equipment and Accessories and Supplies,prosthetic hand,
blink1,https://blink1.thingm.com/,Office Equipment and Accessories and Supplies,USB RGB LED notification light,todbot/blink1;todbot/BlinkM0;todbot/blink1-adapters;todbot/blinkm_mk2;todbot/CtrlM;todbot/FreeM;todbot/blinkm_xbee_adapter
Bloombot,http://bloombot.wikidot.com/,Farming and Fishing and Forestry and Wildlife Machinery and Accessories,hydroponic gardening system,
"c,mm,n","http://wiki.p2pfoundation.net/C,mm,n",Commercial and Military and Private Vehicles and their Accessories and Components,car,
Carla Cargo,http://www.carlacargo.de/de/,Commercial and Military and Private Vehicles and their Accessories and Components,cargo bikes,
CNC1,http://www.oomlout.com/a/products/cnc1/,Industrial Manufacturing and Processing Machinery and Accessories,desktop CNC router,
Coffee Detonator,https://learn.adafruit.com/coffee-detonator/,Domestic Appliances and Supplies and Consumer Electronic Products,coffee grinder,
CubeFactory2,https://cubefactory.wordpress.com/,Industrial Manufacturing and Processing Machinery and Accessories,Autonomous and portable mini factory,CubeFactory2/cubefactory
Cyclone PCB Factory,http://reprap.org/wiki/Cyclone_PCB_Factory,Industrial Manufacturing and Processing Machinery and Accessories,CNC mill,CarlosGS/Cyclone-PCB-Factory;robsbots/Cyclone_Pcb
Dérouleuse à plastique,http://www.latelierpaysan.org/Derouleuse-a-plastiques,Farming and Fishing and Forestry and Wildlife Machinery and Accessories,Mulching film dispenser,
DIYLILCNC,http://diylilcnc.org/,Industrial Manufacturing and Processing Machinery and Accessories,CNC mill,
Do-It-Yourself SLS Printer,https://www.indiegogo.com/projects/you-sls-the-first-desktop-open-source-lasers…,Industrial Manufacturing and Processing Machinery and Accessories,Selective laser sintering machine,
Double Pendulum,https://imaginary.org/hands-on/double-pendulum,Politics and Civic Affairs Services,museum exhibits,
DropBot,http://microfluidics.utoronto.ca/dropbot/,Laboratory and Measuring and Observing and Testing Equipment,Digital Microfluidic (DMF) automation system,
Dryer Leia,https://github.com/Gillou38/Drying-open-source-solution,Farming and Fishing and Forestry and Wildlife Machinery and Accessories,vegetable dryer,Gillou38/Drying-open-source-solution
Dtto Modular Robot,https://hackaday.io/project/9976-dtto-explorer-modular-robot,Laboratory and Measuring and Observing and Testing Equipment,Modular self-reconfigurable robot,otrebla333/Dtto-Modular-Robot
echOpen,http://echopen.org/,Medical Equipment and Accessories and Supplies,ultrasound stethoscope,echopen/PRJ-medtec_kit;echopen/PRJ-echo_bench
eCorolla,http://ecars-now.wikidot.com/ecars:electric-toyota-corolla,Commercial and Military and Private Vehicles and their Accessories and Components,car,
EDAG Light Car,http://www.edag-light-car.com/index_en.html,Commercial and Military and Private Vehicles and their Accessories and Components,car,
Electric Vehicle,http://www.instructables.com/id/Electric-Vehicle-A-simple-lightweight-EV-platfo…,Commercial and Military and Private Vehicles and their Accessories and Components,electric vehicle platform,
Eletric eel wheel,http://www.electriceelwheel.com/wp/open-source-files/,Industrial Manufacturing and Processing Machinery and Accessories,spinning wheel,
Eliodomestico,http://www.gabrielediamanti.com/projects/eliodomestico,Domestic Appliances and Supplies and Consumer Electronic Products,solar household still,
elphel Eyesis4Pi 393,http://www3.elphel.com/eyesis4pi-393,Printing and Photographic and Audio and Visual Equipment and Supplies,Stereophotogrammetric camera,
e-puck,http://www.e-puck.org,Musical Instruments and Games and Toys and Arts and Crafts and Educational Equipment and Materials and Accessories and Supplies,educational robot,
EQ-1 Headphones,https://www.thingiverse.com/thing:674179,Information Technology Broadcasting and Telecommunications,headphones,
Fab@Home,https://en.wikipedia.org/wiki/Fab@Home,Industrial Manufacturing and Processing Machinery and Accessories,3D printer,karlgluck/fabathome
FABOOL Laser CO2,https://www.wevolver.com/yoshiya.arii/fabool-laser-co2/fe84b74-main/description/,Industrial Manufacturing and Processing Machinery and Accessories,laser cutter,
Faraday Motion Hyperboard,http://blog.faradaymotion.com/hyperboard/,sports and Recreational Equipment and Supplies and Accessories,skateboard,faraday-motion/faradaymotion-hyperboard-3dmodels
Faraday Motion Spine,http://www.faradaymotion.com/hyperboard/,Commercial and Military and Private Vehicles and their Accessories and Components,Electric skateboard,faraday-motion/faradaymotion-spine-3dmodels
Farm Hack's Root washer,http://farmhack.org/tools/root-washer,Farming and Fishing and Forestry and Wildlife Machinery and Accessories,Root washer,
FarmBot,https://farmbot.io/,Industrial Manufacturing and Processing Machinery and Accessories,CNC Farming machine,
F-F-Fiddle,http://openfabpdx.com/fffiddle/,Musical Instruments and Games and Toys and Arts and Crafts and Educational Equipment and Materials and Accessories and Supplies,3D printable electric violin,
Field Ready Lifting Airbag System,https://docubricks.com/viewer.jsp?id=1727725479626842112,Politics and Civic Affairs Services,Lifting airbag system for rescue operation,
Film-Retter Inline cleaner,https://www.super-8.com/film-reiniger.html,Printing and Photographic and Audio and Visual Equipment and Supplies,super 8 film cleaner,
FlexBot,http://www.flexbot.cc/,Musical Instruments and Games and Toys and Arts and Crafts and Educational Equipment and Materials and Accessories and Supplies,Quadcopter,HexAirbot/flexbot-design;HexAirbot/HexNanoMWC_HEX;HexAirbot/HexNanoMWC_QUAD;HexAirbot/FlexBLE;HexAirbot/Board
FLOAT Beijing,https://www.kickstarter.com/projects/replaymy/smart-air-kites-float-beijing,Laboratory and Measuring and Observing and Testing Equipment,air quality measuring kite,
FluoPi,https://www.biomaker.org/projects/open-source-autonomous-imaging-station,Laboratory and Measuring and Observing and Testing Equipment,Fluorescence Imaging Station,SynBioUC/FluoPi
bGeigie,https://github.com/Safecast/General/wiki/Safecast-Devices,Laboratory and Measuring and Observing and Testing Equipment,sensor device for environmental parameters,Safecast/bGeigie3;Safecast/bGeigieNano-wifi;Safecast/bGeigieNanoKit
GEK Gasifier,http://www.allpowerlabs.com/,Power Generation and Distribution Machinery and Accessories,gasifier,
Gesture Keyboard,https://www.seeed.cc/Control Your Music Players with Hand Gestures-p-2024.html,Information Technology Broadcasting and Telecommunications,gesture control device,
GoodEnoughCNC,http://goodenoughcnc.eu/hybrid-cnc/,Industrial Manufacturing and Processing Machinery and Accessories,Plasma cutter,IRNAS/ToslinkCNC;IRNAS/GoodEnoughCNC-PlasmaCutter;IRNAS/GoodEnoughCNC-instructions
Guest studio 240 sf,http://www.openbuildinginstitute.org/portfolio/studio-12x16/,Structures and Building and Construction and Manufacturing Components and Supplies,house,
HACKberry,http://exiii-hackberry.com/,Medical Equipment and Accessories and Supplies,3D-printed bionic hand,mission-arm/HACKberry
handibot,https://handibot.com/,Industrial Manufacturing and Processing Machinery and Accessories,portable CNC tool,Handibot/handibot-hardware
Hard Drive Centrifuge,http://www.gaudi.ch/GaudiLabs/?page_id=328,Laboratory and Measuring and Observing and Testing Equipment,centrifuge as part of generic lab equipment,
Helium,https://www.crowdsupply.com/blueshift/helium-the-first-supercapacitor-powered-p…,Information Technology Broadcasting and Telecommunications,portable speaker,blueshiftPDX/Helium
Hexayurt,http://hexayurt.com/,Politics and Civic Affairs Services,disaster relief shelter,
Hexy,http://arcbotics.com/products/hexy/,Musical Instruments and Games and Toys and Arts and Crafts and Educational Equipment and Materials and Accessories and Supplies,hexapod robot,ArcBotics/Hexy
HIEBO 4 lamp,http://mifactori.de/hiebo-4/,Domestic Appliances and Supplies and Consumer Electronic Products,lamp,
Hovalin,http://www.hovalin.com/,Musical Instruments and Games and Toys and Arts and Crafts and Educational Equipment and Materials and Accessories and Supplies,violin,
HROS Humanoid Endoskeleton,https://interbotix.com/HR-OS1,Musical Instruments and Games and Toys and Arts and Crafts and Educational Equipment and Materials and Accessories and Supplies,Humanoid robot,Interbotix/ArbotixPro;Interbotix/HROS1-3D-Models;Interbotix/ArbotixM-Hardware;Interbotix/HROS5-3D-Models
Hughski ColorHug2,http://www.hughski.com/,Laboratory and Measuring and Observing and Testing Equipment,Display colorimeter,hughski/colorhug1-hardware;hughski/colorhug-plus-hardware;hughski/colorhug-plus-model;hughski/colorhug2-hardware;hughski/colorhug-als-hardware
iCub,http://www.icub.org/,Laboratory and Measuring and Observing and Testing Equipment,humanoid robot,
InMoov,http://inmoov.fr/,Laboratory and Measuring and Observing and Testing Equipment,humanoid robot,
KidCareTV,https://bitbucket.org/emone_th/kidcaretv/wiki/Home,Domestic Appliances and Supplies and Consumer Electronic Products,Video switch for TV,
Kit zéro Km,http://www.1083.fr/jeans.html,Apparel and Luggage and Personal Care Products,jeans,
Knitic,http://www.varvarag.info/circular-knitic/,Industrial Manufacturing and Processing Machinery and Accessories,Knitting machine,var-mar/circular_knitic
KORUZA,http://scientific.koruza.net/about-koruza-1.0/,Information Technology Broadcasting and Telecommunications,wireless optical internet-access system,IRNAS/KORUZA;IRNAS/koruza-hs-flex;IRNAS/koruza-accelerometer-module;IRNAS/koruza-compute-module;IRNAS/koruza-power-module;board_v0.1/koruza-hs-holder-PCB;IRNAS/KORUZA-testing;IRNAS/koruza-hs-boards;IRNAS/koruza-hs-rigid;IRNAS/KORUZA-router;IRNAS/KORUZA-instructions
Laboratory Sample Rotator,http://www.sciencedirect.com/science/article/pii/S2468067216300049,Laboratory and Measuring and Observing and Testing Equipment,Laboratory sample rotator,
Lasersaur,http://www.lasersaur.com/,Industrial Manufacturing and Processing Machinery and Accessories,laser cutter,nortd/lasersaur
L'atelier s'adapte / table … langer,http://lateliersadapte.org/tag/table-a-langer/,Medical Equipment and Accessories and Supplies,changing table,
Le Petit COOL,http://lacool.co/,Farming and Fishing and Forestry and Wildlife Machinery and Accessories,personal smart greenhouse,LaCoolCo/LePetitCOOL
LEGO(R) Bricks Michelson Interferometer,http://www.myphotonics.eu/,Laboratory and Measuring and Observing and Testing Equipment,optomechanic workbenches,
littleRP,http://www.littlerp.com/,Industrial Manufacturing and Processing Machinery and Accessories,3D printer,goopyplastic/littlerp;goopyplastic/littlerp2;goopyplastic/tslot-tantillus;goopyplastic/tslot-i3-y-axis
LiveWire,https://www.wevolver.com/miebi.sikoki/livewire/main/description,Industrial Manufacturing and Processing Machinery and Accessories,CNC wire bender,
Lixie,https://hackaday.io/project/18633-lixie-an-led-alternative-to-the-nixie-tube#me…,Domestic Appliances and Supplies and Consumer Electronic Products,Nixie tubes,connornishijima/Lixie-hardware;connornishijima/lixie_two_hardware
Local motors' Rallye Fighter,https://launchforth.io/localmotors/rally-fighter/latest/,Commercial and Military and Private Vehicles and their Accessories and Components,car,
Logresse,https://www.logre.eu/wiki/Logresse,Industrial Manufacturing and Processing Machinery and Accessories,3D printer,
LuzBot Taz 5,https://www.lulzbot.com/,Industrial Manufacturing and Processing Machinery and Accessories,3D printer,
Lyman Filament Extruder V6,http://www.thingiverse.com/thing:1199870,Industrial Manufacturing and Processing Machinery and Accessories,waste plastic extruder,
Machine design template,https://github.com/Axford/OpenSCADMachineDesignFramework,Engineering and Research and Technology Based Services,Re-usable framework for complex machine design in OpenSCAD,Axford/OpenSCADMachineDesignFramework;Axford/OpenSCAD_Machine_Design_Template
Maker Plane,https://makerplane.org/,Commercial and Military and Private Vehicles and their Accessories and Components,Plane,
MakerScanner,http://www.makerscanner.com/,Industrial Manufacturing and Processing Machinery and Accessories,3D scanner,andybarry/makerscanner
MAKI robot,https://www.peachybots.com/robots,Musical Instruments and Games and Toys and Arts and Crafts and Educational Equipment and Materials and Accessories and Supplies,emotive humanoid robot,
Meeblip Anode,https://meeblip.com/products/meeblip-anode-synth,Musical Instruments and Games and Toys and Arts and Crafts and Educational Equipment and Materials and Accessories and Supplies,synthesizer,MeeBlip/meeblip-anode
MeeBlip Triode,https://meeblip.com/,Musical Instruments and Games and Toys and Arts and Crafts and Educational Equipment and Materials and Accessories and Supplies,Synthesizer,MeeBlip/meeblip-triode;MeeBlip/meeblip-design;MeeBlip/meeblip-circuits
Meggy Jr RGB,https://www.evilmadscientist.com/2008/meggy-jr-rgb/,Musical Instruments and Games and Toys and Arts and Crafts and Educational Equipment and Materials and Accessories and Supplies,Game platform,evil-mad/MeggyJrRGB
Metal-Cutting-CNC,https://github.com/zenmanenergy/Metal-Cutting-CNC,Industrial Manufacturing and Processing Machinery and Accessories,CNC metal cutter,zenmanenergy/Metal-Cutting-CNC
Micromanipulator,https://open-labware.net/projects/micromanipulator/,Laboratory and Measuring and Observing and Testing Equipment,micropositioning device,
Microspot,https://github.com/gvJaime/microspot,Medical Equipment and Accessories and Supplies, portable automated microscope ,gvJaime/microspot
mobilECG,http://mobilecg.hu/,Medical Equipment and Accessories and Supplies,mobile electrocardiography device,openmeddev/MobilECG-II
Model T (Yale OpenHand Project),https://www.eng.yale.edu/grablab/openhand/,Medical Equipment and Accessories and Supplies,prothestic hand,grablab/openhand-hardware
Multimachine,http://opensourcemachine.org/,Industrial Manufacturing and Processing Machinery and Accessories,machine tool,
Multiplo,https://github.com/multiplo,Musical Instruments and Games and Toys and Arts and Crafts and Educational Equipment and Materials and Accessories and Supplies,robotics building system,multiplo/mechanics;multiplo/electronics
Mutable Instruments - Grid,https://mutable-instruments.net/modules/grids/,Musical Instruments and Games and Toys and Arts and Crafts and Educational Equipment and Materials and Accessories and Supplies,Topographic drum sequencer,pichenettes/eurorack
Mycroft Mark 1,https://mycroft.ai/,Information Technology Broadcasting and Telecommunications,AI assistant,MycroftAI/hardware-mycroft-mark-1
Neurobytes,http://www.neurotinker.com/neurobytes/,Musical Instruments and Games and Toys and Arts and Crafts and Educational Equipment and Materials and Accessories and Supplies,electronic neurons,zakqwy/NeuroBytes;zakqwy/NeuroBytes-v04
Neuroon,https://neuroonopen.com/,Domestic Appliances and Supplies and Consumer Electronic Products,Electronic sleeping mask,inteliclinic/NeuroonOpenHardwareDocumentation
ng.uavp,http://ng.uavp.ch/FrontPage,Musical Instruments and Games and Toys and Arts and Crafts and Educational Equipment and Materials and Accessories and Supplies,quadcopter,
NimbRo-OP,http://www.nimbro.net/OP/,Laboratory and Measuring and Observing and Testing Equipment,humanoid robot,NimbRo/nimbro-op;NimbRo/nimbro-op2
Nixie Pipe,http://www.nixiepipe.com/,Domestic Appliances and Supplies and Consumer Electronic Products,Day nixie tube,tuna-f1sh/nixiepipe-hardware
NMR Relaxometry Platform,http://www.opensourceimaging.org/project/nmr-relaxometry-platform/,Laboratory and Measuring and Observing and Testing Equipment,NMR Relaxometry Platform,mtwieg/NMR
OF1 Openfoil,https://www.facebook.com/Openfoil/,Sports and Recreational Equipment and Supplies and Accessories,Hydrofoils for kitesurf,ludopenfoil/OF1;ludopenfoil/OF2
Oggún iron horse tractor,http://thinkoggun.com/,Farming and Fishing and Forestry and Wildlife Machinery and Accessories,tractor,
open beam,http://www.openbeamusa.com/,Manufacturing Components and Supplies,aluminium profiles,
Open ECG,http://www.gammacardiosoft.it/openecg/getting_started.htm,Medical Equipment and Accessories and Supplies,electro-cardiograph,
Open Energy Monitor emonGLCD,https://openenergymonitor.org/,Electrical Systems and Lighting and Components and Accessories and Supplies,,openenergymonitor/EmonGLCD
Open Energy Monitor emonPi,https://openenergymonitor.org/,Electrical Systems and Lighting and Components and Accessories and Supplies,energy monitoring systems,openenergymonitor/emonpi;openenergymonitor/Hardware
Open Energy Monitor emonTH,https://openenergymonitor.org/,Electrical Systems and Lighting and Components and Accessories and Supplies,,openenergymonitor/emonTH;openenergymonitor/emontx3;openenergymonitor/emonth2;openenergymonitor/emontx2;openenergymonitor/emontx-shield
Open Gigabot,https://re3d.org/gigabot/,Industrial Manufacturing and Processing Machinery and Accessories,3D printer,
Open source beehives,http://opensourcebeehives.net/,Farming and Fishing and Forestry and Wildlife Machinery and Accessories,beehive,
Open Source metal 3D printer,http://www.appropedia.org/Open-source_metal_3-D_printer,Industrial Manufacturing and Processing Machinery and Accessories,3D printer,
open source roaster,https://caffedolcealchemia.com/open-source/,Domestic Appliances and Supplies and Consumer Electronic Products,coffee roaster,
Open Spin Microscopy,https://sites.google.com/site/openspinmicroscopy/,Laboratory and Measuring and Observing and Testing Equipment,SPIM/DSLM/OPT microscopes platform,
Open structures' OpenCargoBike,http://beta.openstructures.net/pages/14/structures/3,Commercial and Military and Private Vehicles and their Accessories and Components,cargo bike,
Open wheels,http://www.openwheels.cc/,Commercial and Military and Private Vehicles and their Accessories and Components,segway,
Open.Theremin,http://www.gaudi.ch/OpenTheremin/,Musical Instruments and Games and Toys and Arts and Crafts and Educational Equipment and Materials and Accessories and Supplies,Theremin,GaudiLabs/OpenTheremin_V3_Shield;GaudiLabs/OpenTheremin_Shield
OpenBCI,http://openbci.com,Information Technology Broadcasting and Telecommunications,Brain-computer interface platform,OpenBCI/Ganglion_Hardware_Design_Files;OpenBCI/V3_Hardware_Design_Files;OpenBCI/OpenBCI-V2hardware-DEPRECATED;OpenBCI/Ultracortex;OpenBCI/3D-printed-electrode
OpenBikeWorks' HubJohn,http://openbikeworks.blogspot.de/p/what.html,Commercial and Military and Private Vehicles and their Accessories and Components,Cargo bike,
OpenBugFarm,http://www.openbugfarm.com/,Farming and Fishing and Forestry and Wildlife Machinery and Accessories,bug farm kit,TinyFarms/OpenBugFarm
OpenDesk's Lean Desk,https://www.opendesk.cc/,Furniture and Furnishings,table,
OpenEV Charging Station,https://www.openevse.com/,Commercial and Military and Private Vehicles and their Accessories and Components,Electric Vehicle Charging Station Controller,
OpenEVSE,https://store.openevse.com/,Commercial and Military and Private Vehicles and their Accessories and Components,Electric vehicle charging station,OpenEVSE/Enclosures;OpenEVSE/OpenEVSE_EV_Simulator;OpenEVSE/DIY_OpenEVSE_PLUS;OpenEVSE/OpenEVSE_PLUS;OpenEVSE/OpenEVSE_LCD;OpenEVSE/OpenEVSE_LED
OpenFeeder,https://openfeeder.github.io/,Live Plant and Animal Material and Accessories and Supplies,bird automatic feeder,OpenFeeder/mechanics;OpenFeeder/electronics
OpenFeeder,https://www.sciencedirect.com/science/article/pii/S2468067216300050,Live Plant and Animal Material and Accessories and Supplies,bird automatic feeder,jinook0707/openfeeder
OpenFlexure Microscope,http://docubricks.com/viewer.jsp?id=1967334747077765120,Laboratory and Measuring and Observing and Testing Equipment,microscope,rwb27/openflexure_microscope;rwb27/openflexure_dissection_microscope;rwb27/openflexure_block_stage;rwb27/openflexure_nano_motor_controller;rwb27/openflexure_linearised_xy_stage
OpenKnit,http://openknit.org/,Industrial Manufacturing and Processing Machinery and Accessories,Knitting machine,g3rard/OpenKnit
Openmoko,http://wiki.openmoko.org/wiki/Main_Page,Information Technology Broadcasting and Telecommunications,smartphone,
OpenPCR,http://openpcr.org/,Laboratory and Measuring and Observing and Testing Equipment,PRC thermocycle,
OpenPipe,http://openpipe.cc/,Musical Instruments and Games and Toys and Arts and Crafts and Educational Equipment and Materials and Accessories and Supplies,Galician bagpipe,openpipelabs/midi-usb-shield-hardware;openpipelabs/openpipe-mozzi-shield;
OpenPnP-OpenBuilds,http://openpnp.org/,Industrial Manufacturing and Processing Machinery and Accessories,SMT pick and place machine,openpnp/openpnp-openbuilds
OpenQCM,http://openqcm.com/technology,Laboratory and Measuring and Observing and Testing Equipment,Quartz Crystal Microbalance,
OpenROV,http://www.openrov.com/,Musical Instruments and Games and Toys and Arts and Crafts and Educational Equipment and Materials and Accessories and Supplies,submarine robot,OpenROV/openrov-hardware;OpenROV/openrov-electronics
OPenT,https://sites.google.com/site/openspinmicroscopy/home/opt,Medical Equipment and Accessories and Supplies,optical tomography device,
Opentrons,https://opentrons.com/,Laboratory and Measuring and Observing and Testing Equipment,pipetting robot,Opentrons/otone_hardware;Opentrons/opentrons-modules;Opentrons/Smoothieboard
OpenWaterbike,http://www.openwaterbike.com/,Sports and Recreational Equipment and Supplies and Accessories,pedal boat,
orbSWARM,http://orbswarm.com/,Musical Instruments and Games and Toys and Arts and Crafts and Educational Equipment and Materials and Accessories and Supplies,fleet of autonomous spherical robots,
OScar,https://en.wikipedia.org/wiki/OScar,Commercial and Military and Private Vehicles and their Accessories and Components,car,
OSE LifeTrac 5,http://opensourceecology.org/wiki/LifeTrac_5,Farming and Fishing and Forestry and Wildlife Machinery and Accessories,tractor,
osloom,http://www.osloom.org/,Industrial Manufacturing and Processing Machinery and Accessories,jacquard loom,
OSVehicle - Tabby evo,https://www.osvehicle.com/,Commercial and Military and Private Vehicles and their Accessories and Components,car,
OSVR-HDK2,http://www.osvr.org/hdk2.html,Information Technology Broadcasting and Telecommunications,Head-mounted display for virtual reality,OSVR/OSVR-HDK;OSVR/OSVR-Hardware-Accessories
OSWash,http://www.oswash.org/,Domestic Appliances and Supplies and Consumer Electronic Products,washing machine,
Pandora,http://pandorawiki.org/Main_Page,Musical Instruments and Games and Toys and Arts and Crafts and Educational Equipment and Materials and Accessories and Supplies,game console,
Parabolic solar hot water heater,http://www.appropedia.org/Anisa_Foundation_parabolic_solar_hot_water_heater_des…,Distribution and Conditioning Systems and Equipment and Components,Parabolic solar hot water heater,
Parabolic solar hot water heater,http://www.appropedia.org/Anisa_Foundation_parabolic_solar_hot_water_heater,Distribution and Conditioning Systems and Equipment and Components,hot water heater,
Photometric System for Enzymatic Nitrate Quantification,http://www.appropedia.org/Open-Source_Photometric_System_for_Enzymatic_Nitrate_…,Laboratory and Measuring and Observing and Testing Equipment,enzymatic nitrate quantification system,
piccolo,http://piccolo.cc/,Industrial Manufacturing and Processing Machinery and Accessories,pocket-sized CNC-bot,DiatomStudio/Piccolo
Pico Cross Flow,http://www.picocrossflow.com/,Power Generation and Distribution Machinery and Accessories,cross flow turbine,
Pigott wind turbine,http://scoraigwind.co.uk/,Power Generation and Distribution Machinery and Accessories,Wind Turbine,
PiKon,https://pikonic.com/,Printing and Photographic and Audio and Visual Equipment and Supplies,Telescope,
Pisteur solaire - Entropie,https://www.asso-entropie.fr/fr/,Domestic Appliances and Supplies and Consumer Electronic Products,solar tracker,
Plan B,https://ytec3d.com/plan-b/,Industrial Manufacturing and Processing Machinery and Accessories,3D printer,
plants & machines,http://www.plantsandmachines.de/,Farming and Fishing and Forestry and Wildlife Machinery and Accessories,robotic indoor garden,
Plen,https://plen.jp/,Musical Instruments and Games and Toys and Arts and Crafts and Educational Equipment and Materials and Accessories and Supplies,humanoid robot,plenprojectcompany/PLEN2;plenprojectcompany/plen-RS485Board;plenprojectcompany/plen-EdisonBoard;plenprojectcompany/plen-3DModel_Fusion360;plenprojectcompany/plen-ControlBoard;plenprojectcompany/plen-HeadBoard
Pointcast,https://github.com/Safecast/General/wiki/Safecast-Devices,Laboratory and Measuring and Observing and Testing Equipment,sensor device for environmental parameters,Safecast/Pointcast
POM,https://www.osvehicle.com/renaultpomsignup/,Commercial and Military and Private Vehicles and their Accessories and Components,mass vehicle,
Poppy,https://www.poppy-project.org/,Laboratory and Measuring and Observing and Testing Equipment,humanoid robot,poppy-project/poppy-humanoid;poppy-project/poppy-ergo-jr;poppy-project/poppy-ergo-starter;poppy-project/poppy-torso;poppy-project/pixl;poppy-project/Robotis-library;poppy-project/Poppy-basic-arms;poppy-project/Poppy-minimal-head-design;poppy-project/poppy-ergo;poppy-project/Poppy-lightweight-biped-legs;poppy-project/robot-support-toolbox;poppy-project/poppy-soft-starfish;poppy-project/poppy-soft-connector;poppy-project/poppy-6dof-right-arm;poppy-project/poppy-dragster-mini;poppy-project/poppy-4wheels-mini;poppy-project/poppy-multipod-mini;poppy-project/poppy-snake-mini;poppy-project/Poppy-multiarticulated-torso
Precious plastic,http://preciousplastic.com/,Industrial Manufacturing and Processing Machinery and Accessories,waste plastic recycling machines,
Prosthetic Hands,https://openbionics.org/affordableprosthetichands/,Medical Equipment and Accessories and Supplies,adaptive robot hands,OpenBionics/Prosthetic-Hands;OpenBionics/Robot-Hands
Protei,https://www.scoutbots.com/protei/,Musical Instruments and Games and Toys and Arts and Crafts and Educational Equipment and Materials and Accessories and Supplies,shape shifting sailing robot,
Pupil,https://pupil-labs.com/,Laboratory and Measuring and Observing and Testing Equipment,head mounted mobile eye tracking platform,pupil-labs/pupil-hardware-diy
pwdr,http://pwdr.github.io/,Industrial Manufacturing and Processing Machinery and Accessories,3D printer,Pwdr/Pwdr-Model-0.1
Qrokee,http://www.qrokee.com/index_en.html,Musical Instruments and Games and Toys and Arts and Crafts and Educational Equipment and Materials and Accessories and Supplies,holographic tracing machine,
Raidlight Responsiv 3L,https://github.com/Raidlight/Projet-Pilote-Open-Source,sports and Recreational Equipment and Supplies and Accessories,Trail running backpack,Raidlight/Projet-Pilote-Open-Source
Raptor Hand,https://e-nable.fr/,Medical Equipment and Accessories and Supplies,hand prosthetics,
Rasa,http://www.riversimple.com/the-design-of-the-rasa/,Commercial and Military and Private Vehicles and their Accessories and Components,car,
rBot,https://rbotcnc.wordpress.com/,Industrial Manufacturing and Processing Machinery and Accessories,3D printer,
Recyclebot,http://www.appropedia.org/Recyclebot_v2.3,Industrial Manufacturing and Processing Machinery and Accessories,waste plastic recycling machines,
RepRap Mendel,http://reprap.org/wiki/Mendel,Industrial Manufacturing and Processing Machinery and Accessories,3D printer,
Retr3D,http://maaphoo.github.io/Retr3d/,industrial Manufacturing and Processing Machinery and Accessories,3D printer made of retired materials,Maaphoo/Retr3d
RoboHand,https://www.thingiverse.com/robohand/about,Medical Equipment and Accessories and Supplies,prosthetic hand,
ROFI,http://www.projectbiped.com/prototypes/rofi,Laboratory and Measuring and Observing and Testing Equipment,robot,
SECU-3,http://secu-3.org/?lang=en,Commercial and Military and Private Vehicles and their Accessories and Components,Engine Management System - Ignition and fuel injection system,
Self Balancing Scooter,http://members.optusnet.com.au/~a4x4kiwi/scooter/,Commercial and Military and Private Vehicles and their Accessories and Components,segway,
Sensorica's PV characterization,http://www.sensorica.co/home/what-we-do/projects/pv-characterization,Laboratory and Measuring and Observing and Testing Equipment,System device for optical characterization of thin and transparent materials,
ShapeOko,http://www.shapeoko.com/wiki/,Industrial Manufacturing and Processing Machinery and Accessories,carving machine,shapeoko/ShapeOko;shapeoko/Shapeoko_2;shapeoko/Shapeoko_3;shapeoko/Shapeoko_Experimental
Shepard Test Stand,https://opendesignengine.net/,Laboratory and Measuring and Observing and Testing Equipment,Test stand for Estes rocket motors,
Shower loop,http://showerloop.org/,Domestic Appliances and Supplies and Consumer Electronic Products,Shower,
Shybo,http://www.sciencedirect.com/science/article/pii/S246806721730038X,Musical Instruments and Games and Toys and Arts and Crafts and Educational Equipment and Materials and Accessories and Supplies,low-anthropomorphic robot for children,
Solarcast,https://blog.safecast.org/2017/04/introducing-solarcast/,Laboratory and Measuring and Observing and Testing Equipment,sensor device for environmental parameters,Safecast/Solarcast;Safecast/SolarcastNano;Safecast/Safecast-Air
SolarFlower,http://solarflower.org/,Domestic Appliances and Supplies and Consumer Electronic Products,solar energy collector,
Solar-OSE,http://www.instructables.com/id/Solar-OSE-Solar-concentrator-for-steam-generati…,Domestic Appliances and Supplies and Consumer Electronic Products,solar concentrator,osefrance/SolarConcentrator
Sunzilla,http://www.sunzilla.de/,Power Generation and Distribution Machinery and Accessories,solar generator,
Syringe Pump,http://www.appropedia.org/Open-source_syringe_pump,Laboratory and Measuring and Observing and Testing Equipment,syringe pump,
Tantillus,http://tantillus.x10host.com/OldHome.html,Industrial Manufacturing and Processing Machinery and Accessories,portable 3D printer,Intrinsically-Sublime/Tantillus
Tea Maker,https://www.smarthomatic.org/devices/tea_maker.html,Domestic Appliances and Supplies and Consumer Electronic Products,home automation system,
The Fair Cap,http://faircap.org/,Cleaning Equipment and Supplies,water filtering bottle cap,
The Open Microscope,http://openlabtools.eng.cam.ac.uk/Instruments/Microscope/,Laboratory and Measuring and Observing and Testing Equipment,microscope,OpenLabTools/OpenLabTools;OpenLabTools/Instruments-MechanicalTester;OpenLabTools/Microscope;OpenLabTools/Resources-EnvironmentalChambers
The Spine,http://www.faradaymotion.com/hyperboard/,sports and Recreational Equipment and Supplies and Accessories,electric skateboard,
Thor,https://hackaday.io/project/12989-thor,Industrial Manufacturing and Processing Machinery and Accessories,Robotic arm,AngelLM/Thor
Thunderhead,https://github.com/TechforTrade/Thunderhead,Industrial Manufacturing and Processing Machinery and Accessories,Filament extruder,
Thymio,https://www.thymio.org/home-en:home,Musical Instruments and Games and Toys and Arts and Crafts and Educational Equipment and Materials and Accessories and Supplies,educational robot,
Tinker bike,http://www.jacklenniedesigner.com/tinker,Commercial and Military and Private Vehicles and their Accessories and Components,motorbike,
Tiny boy,http://www.tinyboy.net/,Industrial Manufacturing and Processing Machinery and Accessories,3D printer,HKCOTA/TinyBoy;HKCOTA/TinyBoy-2
Toolbox for Opto-Mechanical Components,http://journals.plos.org/plosone/article?id=10.1371/journal.pone.0169832,Laboratory and Measuring and Observing and Testing Equipment,opto-mechanical component,
Turbidimeter,https://www.ncbi.nlm.nih.gov/pmc/articles/PMC4029670/,Laboratory and Measuring and Observing and Testing Equipment,water quality measuring device,wash4all/open-turbidimeter-project
Two-Stroke Diesel Engine,https://hackaday.io/project/10670-open-source-two-stroke-diesel-engine,commercial and Military and Private Vehicles and their Accessories and Components,diesel engine,
Tympan version A,https://tympan.org/,Medical Equipment and Accessories and Supplies,Design tools for the development of hearing aids,Tympan/Tympan_Rev_C_Hardware;Tympan/Tympan-rev-A-Hardware-OBSOLETE
uArm Metal,http://ufactory.cc/,Industrial Manufacturing and Processing Machinery and Accessories,desktop robotic arm,
Ultimaker 2,https://ultimaker.com/,Industrial Manufacturing and Processing Machinery and Accessories,3D printer,Ultimaker/Ultimaker2;Ultimaker/Ultimaker3;Ultimaker/Ultimaker3Extended;Ultimaker/Ultimaker2Plus;Ultimaker/Ultimaker2Go;Ultimaker/Ultimaker2ExtendedPlus;Ultimaker/Ultimaker2Extended;Ultimaker/HeatedBedUpgrade;Ultimaker/Ultimaker-Original-Plus;Ultimaker/UltimakerOriginal
Ultrascope,http://www.openspaceagency.com/ultrascope/,Printing and Photographic and Audio and Visual Equipment and Supplies,telescope,
Underwater Glider,https://www.wevolver.com/alex.williams/project/0d0cba1-main/description/,Commercial and Military and Private Vehicles and their Accessories and Components,autonomous underwater vehicle,
UPSat,https://upsat.gr/,Commercial and Military and Private Vehicles and their Accessories and Components,satellite,librespacefoundation/upsat-comms-hardware;librespacefoundation/upsat-structural;librespacefoundation/upsat-obc-hardware;librespacefoundation/HeaterBoard;librespacefoundation/UPSatDeploymentBoard;librespacefoundation/upsat-eps-hardware;librespacefoundation/upsat-su-breakout;librespacefoundation/upsat-adcs-hardware;librespacefoundation/four-to-one-balun;librespacefoundation/g5500-ardushield;librespacefoundation/lsf-kicad-libs
UV-mask,http://www.ohwr.org/projects/uv-mask/wiki,Medical Equipment and Accessories and Supplies,UV mask,
Uzebox,http://belogic.com/uzebox/downloads.htm,Musical Instruments and Games and Toys and Arts and Crafts and Educational Equipment and Materials and Accessories and Supplies,game console,
Vélo M²,https://ciklic.wordpress.com/velo-m%c2%b2/,Commercial and Military and Private Vehicles and their Accessories and Components,stackable modules for cargo bikes,
Volta Velocar,http://velocar.cc/,Commercial and Military and Private Vehicles and their Accessories and Components,velomobile,Volta-Plus/CAD.Velocar
VIA OpenBook,https://en.wikipedia.org/wiki/VIA_OpenBook,Information Technology Broadcasting and Telecommunications,laptop,fincham/via-openbook
Vitaprint extruder,https://github.com/symbiolab/Vitaprint_hardware,Laboratory and Measuring and Observing and Testing Equipment,syringe extruder,symbiolab/Vitaprint_hardware;symbiolab/Vitaprint_methods;symbiolab/Symbiolab_Centrifuge
Vito Robot,http://www.pacman-project.eu/,Laboratory and Measuring and Observing and Testing Equipment,Robot,CentroEPiaggio/vito-robot;CentroEPiaggio/kit-head;CentroEPiaggio/kuka-lwr;CentroEPiaggio/pisa-iit-soft-hand
Volta Bikair,https://volta.plus/,Commercial and Military and Private Vehicles and their Accessories and Components,motorbike,Volta-Plus/CAD.Bikair;Volta-Plus/CAD.Bikair_Archive_2018_03_27
Volta Motoroard,https://volta.plus/,Commercial and Military and Private Vehicles and their Accessories and Components,bicycle,Volta-Plus/CAD.MotoBoard
watering system SÖREN,https://gruenestadtplanung.wordpress.com/5_bewasserung/,Farming and Fishing and Forestry and Wildlife Machinery and Accessories,holiday watering system,
Waterzilla,http://www.skillsie.com/en/project/53/waterzilla-1-0,Cleaning Equipment and Supplies,portable water purification device,
Wikihouse,http://www.wikihouse.cc/,Structures and Building and Construction and Manufacturing Components and Supplies,house,wikihouseproject/Microhouse
Wikispeed car,http://wikispeed.org/car/,Commercial and Military and Private Vehicles and their Accessories and Components,car,
x0xb0x,http://www.ladyada.net/make/x0xb0x/,Musical Instruments and Games and Toys and Arts and Crafts and Educational Equipment and Materials and Accessories and Supplies,synthesizer,
X-carve,https://www.inventables.com/technologies/x-carve,Industrial Manufacturing and Processing Machinery and Accessories,carving machine,inventables/x-carve-instructions
Xmaran,http://xmaran.org/tiki-index.php,sports and Recreational Equipment and Supplies and Accessories,sail cruiser,
XYZ ONESEATER,http://www.n55.dk/manuals/spaceframevehicles/spaceframevehicles.html,Commercial and Military and Private Vehicles and their Accessories and Components,bicycle,
ZenManEnergy,http://zenmanenergy.org/,Power Generation and Distribution Machinery and Accessories,Solar Steam electric power plant,zenmanenergy/solarsteamelectricity
Zoetrope,http://www.applied-sciences.net/library/zoetrope.php,Power Generation and Distribution Machinery and Accessories,wind turbine,
Zoybar,http://www.zoybar.net/,Musical Instruments and Games and Toys and Arts and Crafts and Educational Equipment and Materials and Accessories and Supplies,guitar,
?Delta,http://www.reprap-france.com/,Industrial Manufacturing and Processing Machinery and Accessories,3D printer,
